{
  "pre-graspingPoint" : {
    "referenceFrame" : "boxFrame, originPose = Pose 3D: position = ( 0.000,  0.000,  0.000 ), orientation = ( 0.000,  0.000,  0.000,  1.000 ), World",
    "x" : -0.0011023231488049845,
    "y" : 1.7666091960909052,
    "z" : 0.7771005045395976,
    "roll" : 0.0,
    "pitch" : -0.0,
    "yaw" : -3.138702636427979
  },
  "pressPoint" : {
    "referenceFrame" : "boxFrame, originPose = Pose 3D: position = ( 0.000,  0.000,  0.000 ), orientation = ( 0.000,  0.000,  0.000,  1.000 ), World",
    "x" : 0.0017456050431059467,
    "y" : 0.7811755105143743,
    "z" : 0.7771005045395976,
    "roll" : 0.0,
    "pitch" : -0.0,
    "yaw" : -3.138702636427979
  }
}