{
  "environment" : [ {
    "ihmc_common_msgs::msg::dds_::Box3DMessage_" : {
      "size" : {
        "x" : 10.0,
        "y" : 10.0,
        "z" : 1.0
      },
      "pose" : {
        "position" : {
          "x" : 0.0,
          "y" : 0.0,
          "z" : -0.5
        },
        "orientation" : {
          "x" : 0.0,
          "y" : 0.0,
          "z" : 0.0,
          "w" : 1.0
        }
      }
    }
  }, {
    "ihmc_common_msgs::msg::dds_::Box3DMessage_" : {
      "size" : {
        "x" : 0.2,
        "y" : 0.8,
        "z" : 2.0
      },
      "pose" : {
        "position" : {
          "x" : 0.7,
          "y" : 0.0,
          "z" : 1.0
        },
        "orientation" : {
          "x" : 0.0,
          "y" : 0.0,
          "z" : 0.0,
          "w" : 1.0
        }
      }
    }
  } ],
  "script" : [ {
    "KinematicsToolboxSnapshotDescription" : {
      "controllerConfiguration" : {
        "controller_msgs::msg::dds_::RobotConfigurationData_" : {
          "sequence_id" : 69,
          "wall_time" : 1698252578875,
          "monotonic_time" : 1698252578875,
          "sync_timestamp" : 0,
          "joint_name_hash" : -1361652808,
          "joint_angles" : [ 0.033703975, 0.011939182, -0.48116645, 0.7474582, -0.5807899, -0.17205326, -0.091846436, -0.11421689, -0.29155907, 0.8161964, -0.82901126, -0.042457312, 0.35008344, 0.0019518483, 0.016107097, -0.096352704, -1.1111345, -0.1143989, -1.8256717, 0.0076946924, -0.0020229043, -5.593399E-4, 0.0010888966, -0.046984512, 1.1737512, 0.5432853, 1.6952653 ],
          "joint_velocities" : [ ],
          "joint_torques" : [ 9.472526, -5.0914454, -11.722762, -126.15975, -32.194622, 52.25647, -14.765354, 35.70887, -59.85154, -118.50273, 109.94764, 7.0404353, -5.1590643, 102.243355, -2.4850771, -11.286989, 20.470808, -5.522695, -7.049277, 11.091572, -0.13701358, -5.8084087, 0.0, -9.480758, -13.543208, -5.525348, 6.843939 ],
          "root_position" : {
            "x" : 0.18058738090290155,
            "y" : -0.21448387483061399,
            "z" : 1.0375548988896826
          },
          "root_orientation" : {
            "x" : 0.10101270425538268,
            "y" : 0.13795980550491466,
            "z" : -0.07475861366790983,
            "w" : 0.9824330385967867
          },
          "pelvis_linear_velocity" : {
            "x" : 0.19193061606817097,
            "y" : -0.04199770845886925,
            "z" : 0.05376624435669476
          },
          "pelvis_angular_velocity" : {
            "x" : 0.035620920448916106,
            "y" : 0.1572690035351662,
            "z" : -0.049647146085118915
          },
          "pelvis_linear_acceleration" : {
            "x" : 0.5502744424035393,
            "y" : 4.436690302512391,
            "z" : 2.5897830898406395
          },
          "force_sensor_data" : [ ],
          "imu_sensor_data" : [ ],
          "robot_motion_status" : 0,
          "last_received_packet_type_id" : -1,
          "last_received_packet_unique_id" : -1,
          "last_received_packet_robot_timestamp" : -1
        }
      },
      "ikSolution" : {
        "toolbox_msgs::msg::dds_::KinematicsToolboxOutputStatus_" : {
          "sequence_id" : 0,
          "current_toolbox_state" : 3,
          "joint_name_hash" : 1976133317,
          "desired_joint_angles" : [ -0.024991777, 0.06403294, -0.47286105, 0.639656, -0.6230797, -0.33703232, -0.11935692, -0.24065915, -0.7698683, 1.0553857, -0.7337286, -0.075847946, 0.5691107, -0.018509068, 0.02982392, -0.111104876, -1.1337034, -0.25065672, -1.6033835, 0.0, -0.0066159205, -9.366351E-4, 0.029703474, -0.35186288, 1.2732792, 0.6990724, 1.5188547 ],
          "desired_root_position" : {
            "x" : 0.11677804763082086,
            "y" : -0.22025955261097319,
            "z" : 1.0135967943969992
          },
          "desired_root_orientation" : {
            "x" : 0.14733158208317318,
            "y" : 0.18000732326362806,
            "z" : -0.24786984869529136,
            "w" : 0.9404527136438634
          },
          "desired_joint_velocities" : [ -1.2165963E-10, 1.5362711E-10, 6.9871886E-10, -9.103829E-11, 9.314771E-11, 3.4727776E-10, 1.2090329E-10, 1.2648216E-10, 1.1592949E-9, -1.0191847E-9, 5.795364E-10, 3.0130065E-10, -2.5823788E-10, 1.05866704E-10, -4.7642446E-11, 8.297252E-10, 1.398881E-10, 3.180789E-10, -1.6997515E-9, 0.0, -1.5482684E-9, 3.0064166E-11, 2.3460489E-4, 8.343326E-11, -6.958878E-10, 1.1513013E-10, -3.554934E-10 ],
          "desired_root_linear_velocity" : {
            "x" : -2.1253878518256997E-10,
            "y" : 3.7075425368682247E-10,
            "z" : 8.49910766764772E-11
          },
          "desired_root_angular_velocity" : {
            "x" : -4.821761453652207E-10,
            "y" : -6.776355579093951E-10,
            "z" : -7.632772105331531E-11
          },
          "support_region" : [ {
            "x" : -0.07878324868239997,
            "y" : -0.3116748263886578,
            "z" : 0.0
          }, {
            "x" : 0.13368923352826564,
            "y" : 0.19737960297634705,
            "z" : 0.0
          }, {
            "x" : 0.3455778808237362,
            "y" : 0.25406472036469685,
            "z" : 0.0
          }, {
            "x" : 0.5819799917047741,
            "y" : 0.22003388099613325,
            "z" : 0.0
          }, {
            "x" : 0.6465072987154344,
            "y" : 0.15244419390786812,
            "z" : 0.0
          }, {
            "x" : 0.6783235005777689,
            "y" : 0.09575108603778354,
            "z" : 0.0
          }, {
            "x" : 0.6979180453505769,
            "y" : 0.015916616076476136,
            "z" : 0.0
          }, {
            "x" : 0.6791319651722529,
            "y" : -0.020753342032939447,
            "z" : 0.0
          }, {
            "x" : 0.40872534100707,
            "y" : -0.24957558488321419,
            "z" : 0.0
          }, {
            "x" : 0.3563718767765971,
            "y" : -0.2728802873354893,
            "z" : 0.0
          } ],
          "solution_quality" : 2.733125709631253E-4
        }
      },
      "ikPrivilegedConfiguration" : {
        "toolbox_msgs::msg::dds_::KinematicsToolboxPrivilegedConfigurationMessage_" : {
          "sequence_id" : 0,
          "use_privileged_root_joint_position" : false,
          "use_privileged_root_joint_orientation" : false,
          "privileged_root_joint_position" : {
            "x" : 0.0,
            "y" : 0.0,
            "z" : 0.0
          },
          "privileged_root_joint_orientation" : {
            "x" : 0.0,
            "y" : 0.0,
            "z" : 0.0,
            "w" : 1.0
          },
          "privileged_joint_hash_codes" : [ ],
          "privileged_joint_angles" : [ ],
          "privileged_weight" : 0.5,
          "privileged_gain" : 100.0
        }
      },
      "centerOfMassAnchor" : {
        "CenterOfMassMotionControlAnchorDescription" : {
          "isTrackingController" : false,
          "ikSolverMessage" : {
            "toolbox_msgs::msg::dds_::KinematicsToolboxCenterOfMassMessage_" : {
              "sequence_id" : 0,
              "desired_position_in_world" : {
                "x" : 0.14429984834796086,
                "y" : -0.22647184392923775,
                "z" : 0.9471525894393612
              },
              "selection_matrix" : {
                "sequence_id" : 0,
                "selection_frame_id" : 83766130,
                "x_selected" : true,
                "y_selected" : true,
                "z_selected" : true
              },
              "weights" : {
                "sequence_id" : 0,
                "weight_frame_id" : 0,
                "x_weight" : 7.77075798929424E-5,
                "y_weight" : 7.77075798929424E-5,
                "z_weight" : 7.77075798929424E-5
              }
            }
          }
        }
      },
      "sixDoFAnchors" : [ {
        "SixDoFMotionControlAnchorDescription" : {
          "rigidBodyName" : "leftFoot",
          "isContactState" : true,