{
  "Focal length X" : 472.44896,
  "Focal length Y" : 449.76417,
  "Principle point X" : 976.90677,
  "Principle point Y" : 616.27357
}