{
  "ambientLight" : 0.4,
  "objects" : [ {
    "type" : "RDXLabFloorObject",
    "x" : -0.1752795106771554,
    "y" : 0.14801377616724573,
    "z" : 0.0,
    "qx" : 0.0,
    "qy" : 0.0,
    "qz" : 0.0,
    "qs" : 1.0
  }, {
    "type" : "RDXDoorPanelObject",
    "x" : 1.454879581454203,
    "y" : -0.29203824742301,
    "z" : 1.2646768453225272,
    "qx" : 0.0,
    "qy" : 0.0,
    "qz" : 0.9992708760909169,
    "qs" : 0.03818004971829375
  }, {
    "type" : "RDXPointLightObject",
    "x" : -29.34680722753535,
    "y" : -32.372082208212944,
    "z" : 12.617145940835659,
    "qx" : 0.0,
    "qy" : 0.0,
    "qz" : 0.0,
    "qs" : 1.0
  }, {
    "type" : "RDXPointLightObject",
    "x" : -2.0237159243106575,
    "y" : 49.55788145603568,
    "z" : 8.894295975020333,
    "qx" : 0.0,
    "qy" : 0.0,
    "qz" : 0.0,
    "qs" : 1.0
  } ]
}