{
  "ambientLight" : 0.01,
  "objects" : [ {
    "type" : "RDXArUcoBoxObject",
    "x" : 1.1377549493881638,
    "y" : -0.2821735862772434,
    "z" : 0.6038275183554168,
    "qx" : 0.0,
    "qy" : 0.0,
    "qz" : 0.1851611886034247,
    "qs" : 0.9827081633094166
  } ]
}