{
  "ambientLight" : 0.4,
  "objects" : [ {
    "type" : "RDXLabFloorObject",
    "x" : -0.1752795106771554,
    "y" : 0.14801377616724573,
    "z" : 0.0,
    "qx" : 0.0,
    "qy" : 0.0,
    "qz" : 0.0,
    "qs" : 1.0
  }, {
    "type" : "RDXPointLightObject",
    "x" : -29.34680722753535,
    "y" : -32.372082208212944,
    "z" : 12.617145940835659,
    "qx" : 0.0,
    "qy" : 0.0,
    "qz" : 0.0,
    "qs" : 1.0
  }, {
    "type" : "RDXPointLightObject",
    "x" : -2.0237159243106575,
    "y" : 49.55788145603568,
    "z" : 8.894295975020333,
    "qx" : 0.0,
    "qy" : 0.0,
    "qz" : 0.0,
    "qs" : 1.0
  }, {
    "type" : "RDXPunchingBagObject",
    "x" : 0.8,
    "y" : 0.0,
    "z" : 0.0,
    "qx" : 0.0,
    "qy" : 0.0,
    "qz" : 1.0,
    "qs" : 0.0
  }]
}