{
  "objects" : [ {
    "type" : "GDXLabFloorObject",
    "x" : 0.0,
    "y" : 0.0,
    "z" : 0.0,
    "qx" : 0.0,
    "qy" : 0.0,
    "qz" : 0.0,
    "qs" : 1.0
  }, {
    "type" : "GDXPushHandleRightDoorObject",
    "x" : 1.7137600116067575,
    "y" : 0.49949752631181465,
    "z" : -1.499858017846393E-17,
    "qx" : 0.0,
    "qy" : 0.0,
    "qz" : -0.7130720662067347,
    "qs" : 0.7010907419126713
  } ]
}